{"Pipeline": {"GridSearchCV": {"0": {"precision": 0.5384615384615384, "recall": 0.4666666666666667, "f1-score": 0.5, "support": 45}, "1": {"precision": 0.3625, "recall": 0.6304347826086957, "f1-score": 0.46031746031746035, "support": 46}, "2": {"precision": 0.5862068965517241, "recall": 0.7727272727272727, "f1-score": 0.6666666666666667, "support": 44}, "3": {"precision": 0.42, "recall": 0.45652173913043476, "f1-score": 0.43749999999999994, "support": 46}, "4": {"precision": 0.851063829787234, "recall": 0.8888888888888888, "f1-score": 0.8695652173913044, "support": 45}, "5": {"precision": 0.3235294117647059, "recall": 0.2391304347826087, "f1-score": 0.275, "support": 46}, "6": {"precision": 0.5652173913043478, "recall": 0.5777777777777777, "f1-score": 0.5714285714285713, "support": 45}, "7": {"precision": 0.6764705882352942, "recall": 0.5111111111111111, "f1-score": 0.5822784810126582, "support": 45}, "8": {"precision": 0.1935483870967742, "recall": 0.13953488372093023, "f1-score": 0.16216216216216217, "support": 43}, "9": {"precision": 0.3548387096774194, "recall": 0.24444444444444444, "f1-score": 0.2894736842105263, "support": 45}, "accuracy": 0.49333333333333335, "macro avg": {"precision": 0.48718367528790374, "recall": 0.49272380018588313, "f1-score": 0.48143922431893493, "support": 450}, "weighted avg": {"precision": 0.48747862137905806, "recall": 0.49333333333333335, "f1-score": 0.48184328313966046, "support": 450}}, "PipelineXGBClassifier": {"0": {"precision": 0.5714285714285714, "recall": 0.4444444444444444, "f1-score": 0.5, "support": 45}, "1": {"precision": 0.36363636363636365, "recall": 0.5217391304347826, "f1-score": 0.42857142857142855, "support": 46}, "2": {"precision": 0.6, "recall": 0.75, "f1-score": 0.6666666666666665, "support": 44}, "3": {"precision": 0.34285714285714286, "recall": 0.2608695652173913, "f1-score": 0.29629629629629634, "support": 46}, "4": {"precision": 0.7843137254901961, "recall": 0.8888888888888888, "f1-score": 0.8333333333333334, "support": 45}, "5": {"precision": 0.2903225806451613, "recall": 0.1956521739130435, "f1-score": 0.23376623376623376, "support": 46}, "6": {"precision": 0.6041666666666666, "recall": 0.6444444444444445, "f1-score": 0.6236559139784946, "support": 45}, "7": {"precision": 0.6829268292682927, "recall": 0.6222222222222222, "f1-score": 0.6511627906976744, "support": 45}, "8": {"precision": 0.2, "recall": 0.13953488372093023, "f1-score": 0.16438356164383564, "support": 43}, "9": {"precision": 0.3620689655172414, "recall": 0.4666666666666667, "f1-score": 0.4077669902912621, "support": 45}, "accuracy": 0.49333333333333335, "macro avg": {"precision": 0.4801720845509636, "recall": 0.4934462419952815, "f1-score": 0.4805603215245225, "support": 450}, "weighted avg": {"precision": 0.4801650091890496, "recall": 0.49333333333333335, "f1-score": 0.48047854412158836, "support": 450}}, "PipelineLGBClf": {"0": {"precision": 0.5476190476190477, "recall": 0.5111111111111111, "f1-score": 0.5287356321839081, "support": 45}, "1": {"precision": 0.3559322033898305, "recall": 0.45652173913043476, "f1-score": 0.39999999999999997, "support": 46}, "2": {"precision": 0.6, "recall": 0.6136363636363636, "f1-score": 0.6067415730337078, "support": 44}, "3": {"precision": 0.375, "recall": 0.391304347826087, "f1-score": 0.3829787234042554, "support": 46}, "4": {"precision": 0.7884615384615384, "recall": 0.9111111111111111, "f1-score": 0.845360824742268, "support": 45}, "5": {"precision": 0.41025641025641024, "recall": 0.34782608695652173, "f1-score": 0.3764705882352941, "support": 46}, "6": {"precision": 0.625, "recall": 0.5555555555555556, "f1-score": 0.5882352941176471, "support": 45}, "7": {"precision": 0.6829268292682927, "recall": 0.6222222222222222, "f1-score": 0.6511627906976744, "support": 45}, "8": {"precision": 0.23076923076923078, "recall": 0.20930232558139536, "f1-score": 0.21951219512195125, "support": 43}, "9": {"precision": 0.3333333333333333, "recall": 0.3333333333333333, "f1-score": 0.3333333333333333, "support": 45}, "accuracy": 0.4955555555555556, "macro avg": {"precision": 0.49492985930976835, "recall": 0.49519241964641364, "f1-score": 0.4932530954870039, "support": 450}, "weighted avg": {"precision": 0.49510685964778567, "recall": 0.4955555555555556, "f1-score": 0.4935057251500305, "support": 450}}}}