{"SparseRandomProjection": {"RandomizedSearchCV": {"0": {"precision": 0.6724137931034483, "recall": 0.8666666666666667, "f1-score": 0.7572815533980582, "support": 45}, "1": {"precision": 0.27586206896551724, "recall": 0.17391304347826086, "f1-score": 0.21333333333333332, "support": 46}, "2": {"precision": 0.6666666666666666, "recall": 0.45454545454545453, "f1-score": 0.5405405405405405, "support": 44}, "3": {"precision": 0.3125, "recall": 0.5434782608695652, "f1-score": 0.39682539682539686, "support": 46}, "4": {"precision": 0.45454545454545453, "recall": 0.3333333333333333, "f1-score": 0.3846153846153846, "support": 45}, "5": {"precision": 0.3111111111111111, "recall": 0.30434782608695654, "f1-score": 0.3076923076923077, "support": 46}, "6": {"precision": 0.3888888888888889, "recall": 0.6222222222222222, "f1-score": 0.47863247863247865, "support": 45}, "7": {"precision": 0.7727272727272727, "recall": 0.7555555555555555, "f1-score": 0.7640449438202247, "support": 45}, "8": {"precision": 0.14285714285714285, "recall": 0.023255813953488372, "f1-score": 0.04, "support": 43}, "9": {"precision": 0.38461538461538464, "recall": 0.4444444444444444, "f1-score": 0.4123711340206186, "support": 45}, "accuracy": 0.4533333333333333, "macro avg": {"precision": 0.43821877834808876, "recall": 0.4521762621155948, "f1-score": 0.42953370728783435, "support": 450}, "weighted avg": {"precision": 0.4381012055207458, "recall": 0.4533333333333333, "f1-score": 0.4301943972818576, "support": 450}}, "SparseRandomProjectionXGBClassifier": {"0": {"precision": 0.72, "recall": 0.8, "f1-score": 0.7578947368421052, "support": 45}, "1": {"precision": 0.5128205128205128, "recall": 0.43478260869565216, "f1-score": 0.47058823529411764, "support": 46}, "2": {"precision": 0.5384615384615384, "recall": 0.4772727272727273, "f1-score": 0.5060240963855421, "support": 44}, "3": {"precision": 0.375, "recall": 0.45652173913043476, "f1-score": 0.41176470588235287, "support": 46}, "4": {"precision": 0.37254901960784315, "recall": 0.4222222222222222, "f1-score": 0.3958333333333333, "support": 45}, "5": {"precision": 0.28125, "recall": 0.1956521739130435, "f1-score": 0.23076923076923078, "support": 46}, "6": {"precision": 0.5106382978723404, "recall": 0.5333333333333333, "f1-score": 0.5217391304347825, "support": 45}, "7": {"precision": 0.65625, "recall": 0.9333333333333333, "f1-score": 0.7706422018348624, "support": 45}, "8": {"precision": 0.4166666666666667, "recall": 0.3488372093023256, "f1-score": 0.379746835443038, "support": 43}, "9": {"precision": 0.5833333333333334, "recall": 0.4666666666666667, "f1-score": 0.5185185185185186, "support": 45}, "accuracy": 0.5066666666666667, "macro avg": {"precision": 0.49669693687622346, "recall": 0.5068622013869739, "f1-score": 0.4963521024737883, "support": 450}, "weighted avg": {"precision": 0.4962464383007249, "recall": 0.5066666666666667, "f1-score": 0.4960134455952863, "support": 450}}, "SparseRandomProjectionLGBClf": {"0": {"precision": 0.6666666666666666, "recall": 0.7555555555555555, "f1-score": 0.7083333333333334, "support": 45}, "1": {"precision": 0.4444444444444444, "recall": 0.34782608695652173, "f1-score": 0.3902439024390244, "support": 46}, "2": {"precision": 0.6, "recall": 0.4772727272727273, "f1-score": 0.5316455696202532, "support": 44}, "3": {"precision": 0.45098039215686275, "recall": 0.5, "f1-score": 0.4742268041237114, "support": 46}, "4": {"precision": 0.38095238095238093, "recall": 0.35555555555555557, "f1-score": 0.367816091954023, "support": 45}, "5": {"precision": 0.21951219512195122, "recall": 0.1956521739130435, "f1-score": 0.20689655172413796, "support": 46}, "6": {"precision": 0.40425531914893614, "recall": 0.4222222222222222, "f1-score": 0.41304347826086957, "support": 45}, "7": {"precision": 0.639344262295082, "recall": 0.8666666666666667, "f1-score": 0.7358490566037736, "support": 45}, "8": {"precision": 0.2894736842105263, "recall": 0.2558139534883721, "f1-score": 0.2716049382716049, "support": 43}, "9": {"precision": 0.5208333333333334, "recall": 0.5555555555555556, "f1-score": 0.5376344086021506, "support": 45}, "accuracy": 0.47333333333333333, "macro avg": {"precision": 0.46164626783301843, "recall": 0.47321204971862196, "f1-score": 0.4637294134932882, "support": 450}, "weighted avg": {"precision": 0.46150402264035656, "recall": 0.47333333333333333, "f1-score": 0.4637216619646735, "support": 450}}}}