{"KernelPCA": {"RandomizedSearchCV": {"0": {"precision": 0.9555555555555556, "recall": 0.9555555555555556, "f1-score": 0.9555555555555556, "support": 45}, "1": {"precision": 0.4782608695652174, "recall": 0.717391304347826, "f1-score": 0.5739130434782609, "support": 46}, "2": {"precision": 0.8157894736842105, "recall": 0.7045454545454546, "f1-score": 0.7560975609756098, "support": 44}, "3": {"precision": 0.72, "recall": 0.782608695652174, "f1-score": 0.7499999999999999, "support": 46}, "4": {"precision": 0.8837209302325582, "recall": 0.8444444444444444, "f1-score": 0.8636363636363636, "support": 45}, "5": {"precision": 0.3333333333333333, "recall": 0.1956521739130435, "f1-score": 0.2465753424657534, "support": 46}, "6": {"precision": 0.9523809523809523, "recall": 0.8888888888888888, "f1-score": 0.9195402298850575, "support": 45}, "7": {"precision": 0.6206896551724138, "recall": 0.8, "f1-score": 0.6990291262135923, "support": 45}, "8": {"precision": 0.30303030303030304, "recall": 0.23255813953488372, "f1-score": 0.2631578947368421, "support": 43}, "9": {"precision": 0.6444444444444445, "recall": 0.6444444444444445, "f1-score": 0.6444444444444445, "support": 45}, "accuracy": 0.6777777777777778, "macro avg": {"precision": 0.6707205517398989, "recall": 0.6766089101326715, "f1-score": 0.6671949561391479, "support": 450}, "weighted avg": {"precision": 0.6709644275691294, "recall": 0.6777777777777778, "f1-score": 0.6678351228846917, "support": 450}}, "KernelPCAXGBClassifier": {"0": {"precision": 1.0, "recall": 0.9555555555555556, "f1-score": 0.9772727272727273, "support": 45}, "1": {"precision": 0.6271186440677966, "recall": 0.8043478260869565, "f1-score": 0.7047619047619047, "support": 46}, "2": {"precision": 0.7619047619047619, "recall": 0.7272727272727273, "f1-score": 0.7441860465116279, "support": 44}, "3": {"precision": 0.8043478260869565, "recall": 0.8043478260869565, "f1-score": 0.8043478260869565, "support": 46}, "4": {"precision": 0.9534883720930233, "recall": 0.9111111111111111, "f1-score": 0.9318181818181819, "support": 45}, "5": {"precision": 0.4318181818181818, "recall": 0.41304347826086957, "f1-score": 0.4222222222222222, "support": 46}, "6": {"precision": 0.9333333333333333, "recall": 0.9333333333333333, "f1-score": 0.9333333333333333, "support": 45}, "7": {"precision": 0.7333333333333333, "recall": 0.7333333333333333, "f1-score": 0.7333333333333333, "support": 45}, "8": {"precision": 0.3902439024390244, "recall": 0.37209302325581395, "f1-score": 0.380952380952381, "support": 43}, "9": {"precision": 0.6904761904761905, "recall": 0.6444444444444445, "f1-score": 0.6666666666666666, "support": 45}, "accuracy": 0.7311111111111112, "macro avg": {"precision": 0.7326064545552602, "recall": 0.7298882658741102, "f1-score": 0.7298894622959335, "support": 450}, "weighted avg": {"precision": 0.7333195480779048, "recall": 0.7311111111111112, "f1-score": 0.7308344426173884, "support": 450}}, "KernelPCALGBClf": {"0": {"precision": 1.0, "recall": 0.9555555555555556, "f1-score": 0.9772727272727273, "support": 45}, "1": {"precision": 0.6666666666666666, "recall": 0.782608695652174, "f1-score": 0.72, "support": 46}, "2": {"precision": 0.7441860465116279, "recall": 0.7272727272727273, "f1-score": 0.735632183908046, "support": 44}, "3": {"precision": 0.72, "recall": 0.782608695652174, "f1-score": 0.7499999999999999, "support": 46}, "4": {"precision": 0.9523809523809523, "recall": 0.8888888888888888, "f1-score": 0.9195402298850575, "support": 45}, "5": {"precision": 0.4186046511627907, "recall": 0.391304347826087, "f1-score": 0.4044943820224719, "support": 46}, "6": {"precision": 0.9318181818181818, "recall": 0.9111111111111111, "f1-score": 0.9213483146067416, "support": 45}, "7": {"precision": 0.7560975609756098, "recall": 0.6888888888888889, "f1-score": 0.7209302325581395, "support": 45}, "8": {"precision": 0.40816326530612246, "recall": 0.46511627906976744, "f1-score": 0.43478260869565216, "support": 43}, "9": {"precision": 0.6341463414634146, "recall": 0.5777777777777777, "f1-score": 0.6046511627906976, "support": 45}, "accuracy": 0.7177777777777777, "macro avg": {"precision": 0.7232063666285365, "recall": 0.7171132967695152, "f1-score": 0.7188651841739534, "support": 450}, "weighted avg": {"precision": 0.7237502749412158, "recall": 0.7177777777777777, "f1-score": 0.7194636219088937, "support": 450}}}}